,Entity,Code,Year,Work hours per persons engaged,Productivity
0,Australia,AUS,1950.0,2178.2456,13.322768
1,Australia,AUS,1951.0,2158.1013,12.820562
2,Australia,AUS,1952.0,2138.1436,12.497678
3,Australia,AUS,1953.0,2118.3701,14.030226999999998
4,Australia,AUS,1954.0,2098.7798,14.992547
5,Australia,AUS,1955.0,2079.3704,15.641343
6,Australia,AUS,1956.0,2060.1406,15.745474
7,Australia,AUS,1957.0,2041.0886,15.792577
8,Australia,AUS,1958.0,2022.2129,17.090656
9,Australia,AUS,1959.0,2003.5116,18.153866
10,Australia,AUS,1960.0,1984.9834,18.05427
11,Australia,AUS,1961.0,1981.3214,18.552853
12,Australia,AUS,1962.0,1977.6663,19.15642
13,Australia,AUS,1963.0,1974.0178,19.981464000000006
14,Australia,AUS,1964.0,1970.3761,20.298876
15,Australia,AUS,1965.0,1966.7411,19.985029
16,Australia,AUS,1966.0,1963.1128,20.664099
17,Australia,AUS,1967.0,1959.4912,20.986965
18,Australia,AUS,1968.0,1955.8762,22.093000000000004
19,Australia,AUS,1969.0,1952.2679,23.179087
20,Australia,AUS,1970.0,1948.6664,23.250698
21,Australia,AUS,1971.0,1929.967,23.88142
22,Australia,AUS,1972.0,1909.5677,24.58086
23,Australia,AUS,1973.0,1896.1807,25.215528
24,Australia,AUS,1974.0,1913.4988,23.592522
25,Australia,AUS,1975.0,1900.218,24.323568
26,Australia,AUS,1976.0,1910.6301,24.920927
27,Australia,AUS,1977.0,1912.4364,25.126692
28,Australia,AUS,1978.0,1913.2864,26.238943
29,Australia,AUS,1979.0,1918.705,26.66614
30,Australia,AUS,1980.0,1919.1102,26.848894
31,Australia,AUS,1981.0,1900.6442,28.003149
32,Australia,AUS,1982.0,1881.5066,27.646475
33,Australia,AUS,1983.0,1869.0269,29.969896
34,Australia,AUS,1984.0,1883.6864,29.874096
35,Australia,AUS,1985.0,1870.23,29.848671000000003
36,Australia,AUS,1986.0,1880.6699,29.151663
37,Australia,AUS,1987.0,1877.5311,30.814905
38,Australia,AUS,1988.0,1874.5796,31.502882
39,Australia,AUS,1989.0,1887.2697,31.221367
40,Australia,AUS,1990.0,1867.9515,31.074718
41,Australia,AUS,1991.0,1853.8984,31.9223
42,Australia,AUS,1992.0,1851.8408,33.419811
43,Australia,AUS,1993.0,1869.6207,34.155190000000005
44,Australia,AUS,1994.0,1877.7278,34.381001
45,Australia,AUS,1995.0,1875.9148,34.892288
46,Australia,AUS,1996.0,1868.7593,36.566433
47,Australia,AUS,1997.0,1867.0762,38.199703
48,Australia,AUS,1998.0,1851.2338,39.136868
49,Australia,AUS,1999.0,1855.8291,40.284904
50,Australia,AUS,2000.0,1854.0353,40.52187
51,Australia,AUS,2001.0,1818.213,42.122478
52,Australia,AUS,2002.0,1814.1021,42.412212
53,Australia,AUS,2003.0,1806.7209,43.462162
54,Australia,AUS,2004.0,1805.0198,44.333633
55,Australia,AUS,2005.0,1803.0101,45.976162
56,Australia,AUS,2006.0,1791.9933,46.081429
57,Australia,AUS,2007.0,1792.6515,45.908466
58,Australia,AUS,2008.0,1790.54,47.30357
59,Australia,AUS,2009.0,1761.7957,47.501831
60,Australia,AUS,2010.0,1769.3094,50.50304000000001
61,Australia,AUS,2011.0,1768.6494,52.322773
62,Australia,AUS,2012.0,1759.5193,52.50305600000001
63,Australia,AUS,2013.0,1755.8271,53.549725
64,Australia,AUS,2014.0,1747.937,54.28088
65,Australia,AUS,2015.0,1747.009,51.537594
66,Australia,AUS,2016.0,1734.215,54.122646
67,Australia,AUS,2017.0,1731.4943,54.59094200000001
70,Brazil,BRA,1950.0,2042.0,2.0183465
71,Brazil,BRA,1951.0,2051.0186,2.0136688
72,Brazil,BRA,1952.0,2060.0771,2.1577322
73,Brazil,BRA,1953.0,2069.1755,2.1518674
74,Brazil,BRA,1954.0,2078.3142,2.2624547
75,Brazil,BRA,1955.0,2087.4932,2.3556316
76,Brazil,BRA,1956.0,2096.7129,2.3613508
77,Brazil,BRA,1957.0,2105.9731,2.4894896
78,Brazil,BRA,1958.0,2115.2742,2.5451198
79,Brazil,BRA,1959.0,2124.6165,2.5776834
80,Brazil,BRA,1960.0,2134.0,2.7296708
81,Brazil,BRA,1961.0,2135.0974,3.0353971
82,Brazil,BRA,1962.0,2136.1956,3.1873901
83,Brazil,BRA,1963.0,2137.2939,3.3214586
84,Brazil,BRA,1964.0,2138.3933,3.3864095
85,Brazil,BRA,1965.0,2139.4929,3.5131247
86,Brazil,BRA,1966.0,2140.5933,3.5909734
87,Brazil,BRA,1967.0,2141.6941,3.7938762
88,Brazil,BRA,1968.0,2142.7954,4.0813117
89,Brazil,BRA,1969.0,2143.8975,4.0495768
90,Brazil,BRA,1970.0,2145.0,4.485799299999999
91,Brazil,BRA,1971.0,2128.5408,4.8023939
92,Brazil,BRA,1972.0,2112.2078,5.1513901
93,Brazil,BRA,1973.0,2096.0,5.2654266
94,Brazil,BRA,1974.0,2079.7708,5.6428123
95,Brazil,BRA,1975.0,2063.667,5.7889414000000015
96,Brazil,BRA,1976.0,2047.6881,6.1752005
97,Brazil,BRA,1977.0,2031.8329,5.8081079
98,Brazil,BRA,1978.0,2016.1005,5.9049830000000005
99,Brazil,BRA,1979.0,2000.4897,6.4813375
100,Brazil,BRA,1980.0,1985.0,6.6202435
101,Brazil,BRA,1981.0,1974.0968,6.6234407000000015
102,Brazil,BRA,1982.0,1963.2535,6.4661374
103,Brazil,BRA,1983.0,1952.4698,6.3414092
104,Brazil,BRA,1984.0,1941.7454,6.3196597
105,Brazil,BRA,1985.0,1931.0797,6.2176189000000015
106,Brazil,BRA,1986.0,1920.4728,6.9551373
107,Brazil,BRA,1987.0,1909.924,6.981236900000002
108,Brazil,BRA,1988.0,1899.4332,6.8414459
109,Brazil,BRA,1989.0,1889.0,6.890220599999999
110,Brazil,BRA,1990.0,1879.0,6.5807037
111,Brazil,BRA,1991.0,1868.4705,7.207055099999999
112,Brazil,BRA,1992.0,1858.0,7.4406695
113,Brazil,BRA,1993.0,1858.9998,7.9495263
114,Brazil,BRA,1994.0,1860.0,8.8503571
115,Brazil,BRA,1995.0,1855.2317,10.196321
116,Brazil,BRA,1996.0,1850.4756,12.525192
117,Brazil,BRA,1997.0,1845.7317,11.974554
118,Brazil,BRA,1998.0,1841.0,11.557292
119,Brazil,BRA,1999.0,1813.8428,10.752215
120,Brazil,BRA,2000.0,1837.927,10.44435
121,Brazil,BRA,2001.0,1828.3264,10.375819
122,Brazil,BRA,2002.0,1818.7257,10.113252
123,Brazil,BRA,2003.0,1811.1825,9.9569731
124,Brazil,BRA,2004.0,1803.1261,10.033028
125,Brazil,BRA,2005.0,1783.1312,10.218953
126,Brazil,BRA,2006.0,1778.7123,10.876312
127,Brazil,BRA,2007.0,1781.6913,11.895355
128,Brazil,BRA,2008.0,1784.6703,13.056262
129,Brazil,BRA,2009.0,1779.3353,13.475542
130,Brazil,BRA,2010.0,1779.5791,15.366799
131,Brazil,BRA,2011.0,1773.1746,16.950859
132,Brazil,BRA,2012.0,1766.77,16.957285
133,Brazil,BRA,2013.0,1755.6323,17.148948999999998
134,Brazil,BRA,2014.0,1739.4747,16.800144
135,Brazil,BRA,2015.0,1709.4856,16.322032999999998
136,Brazil,BRA,2016.0,1709.4856,16.182266000000002
137,Brazil,BRA,2017.0,1709.4856,16.340326
160,China,CHN,1970.0,1976.312,1.6174201
161,China,CHN,1971.0,1975.7937,1.6632441000000002
162,China,CHN,1972.0,1975.5077,1.6360638
163,China,CHN,1973.0,1975.3647,1.7166897
164,China,CHN,1974.0,1975.1897,1.7275367
165,China,CHN,1975.0,1974.8975,1.7514949
166,China,CHN,1976.0,1974.2075,1.6652613999999997
167,China,CHN,1977.0,1973.4353,1.6975615000000002
168,China,CHN,1978.0,1972.7274,1.865437
169,China,CHN,1979.0,1972.1038,1.9107265
170,China,CHN,1980.0,1971.4967,1.9097193
171,China,CHN,1981.0,1971.1016,1.8351896
172,China,CHN,1982.0,1970.7063,1.8814691000000003
173,China,CHN,1983.0,1970.1927,1.9721537
174,China,CHN,1984.0,1969.7229,2.1565759
175,China,CHN,1985.0,1969.3905,2.3281271
176,China,CHN,1986.0,1970.4417,2.3524551
177,China,CHN,1987.0,1971.4633,2.409761
178,China,CHN,1988.0,1972.6764,2.4513965
179,China,CHN,1989.0,1973.9873,2.3255014
180,China,CHN,1990.0,1975.354,2.2291055
181,China,CHN,1991.0,1976.88,2.2962003
182,China,CHN,1992.0,1978.4241,2.4765303
183,China,CHN,1993.0,1981.6498,2.750895
184,China,CHN,1994.0,1989.3041,2.8289464
185,China,CHN,1995.0,2001.834,2.9610353
186,China,CHN,1996.0,2017.2693,3.1225436
187,China,CHN,1997.0,2037.369,3.0936859
188,China,CHN,1998.0,2062.054,3.0778956
189,China,CHN,1999.0,2082.0659,3.2446113
190,China,CHN,2000.0,2090.4753,3.4473243
191,China,CHN,2001.0,2103.5127,3.6770812999999993
192,China,CHN,2002.0,2118.1997,3.9378955
193,China,CHN,2003.0,2138.0828,4.106883
194,China,CHN,2004.0,2167.8962,4.3889828
195,China,CHN,2005.0,2192.3545,4.8437572
196,China,CHN,2006.0,2183.0564,5.2627792
197,China,CHN,2007.0,2152.6538,5.7209096
198,China,CHN,2008.0,2131.5859,6.1198874000000005
199,China,CHN,2009.0,2138.8472,6.628291099999998
200,China,CHN,2010.0,2172.7104,7.5316753
201,China,CHN,2011.0,2178.7708,8.2591143
202,China,CHN,2012.0,2184.2307,8.558216999999999
203,China,CHN,2013.0,2178.241,9.01577
204,China,CHN,2014.0,2178.1633,9.547219300000002
205,China,CHN,2015.0,2174.3501,9.7453976
206,China,CHN,2016.0,2174.3501,10.073822
207,China,CHN,2017.0,2174.3501,10.679488
210,Mexico,MEX,1950.0,2431.7302,6.6334437999999984
211,Mexico,MEX,1951.0,2431.2783,7.1002359
212,Mexico,MEX,1952.0,2430.8264,7.320905199999999
213,Mexico,MEX,1953.0,2430.3748,7.1446204
214,Mexico,MEX,1954.0,2429.9231,7.841713
215,Mexico,MEX,1955.0,2429.4714,8.3944101
216,Mexico,MEX,1956.0,2429.0198,8.8614349
217,Mexico,MEX,1957.0,2428.5684,9.3961611
218,Mexico,MEX,1958.0,2428.1169,9.7225962
219,Mexico,MEX,1959.0,2427.6658,9.8430424
220,Mexico,MEX,1960.0,2427.2146,10.439363
221,Mexico,MEX,1961.0,2417.5605,10.500389
222,Mexico,MEX,1962.0,2407.9448,10.654336
223,Mexico,MEX,1963.0,2398.3674,11.362803
224,Mexico,MEX,1964.0,2388.8281,12.597512
225,Mexico,MEX,1965.0,2379.3269,12.950069
226,Mexico,MEX,1966.0,2369.8633,13.396132
227,Mexico,MEX,1967.0,2360.4373,13.743291
228,Mexico,MEX,1968.0,2351.0488,14.553264000000002
229,Mexico,MEX,1969.0,2341.6978,14.728601
230,Mexico,MEX,1970.0,2332.3838,15.225048
231,Mexico,MEX,1971.0,2330.5007,15.048581
232,Mexico,MEX,1972.0,2328.6191,15.439597
233,Mexico,MEX,1973.0,2326.7393,15.817816
234,Mexico,MEX,1974.0,2325.123,15.92158
235,Mexico,MEX,1975.0,2323.5081,15.767284
236,Mexico,MEX,1976.0,2321.894,15.923294
237,Mexico,MEX,1977.0,2320.2815,15.84034
238,Mexico,MEX,1978.0,2318.6697,16.499266
239,Mexico,MEX,1979.0,2317.0593,17.185856
240,Mexico,MEX,1980.0,2315.4497,17.825411
241,Mexico,MEX,1981.0,2316.4517,18.711941
242,Mexico,MEX,1982.0,2317.4539,17.919704
243,Mexico,MEX,1983.0,2318.4563,16.784010000000002
244,Mexico,MEX,1984.0,2319.4595,16.711336
245,Mexico,MEX,1985.0,2320.4629,16.090073
246,Mexico,MEX,1986.0,2321.4668,14.666319
247,Mexico,MEX,1987.0,2322.4712,14.437976999999998
248,Mexico,MEX,1988.0,2323.4761,14.059903
249,Mexico,MEX,1989.0,2324.4812,14.081478
250,Mexico,MEX,1990.0,2325.6104,14.497779
251,Mexico,MEX,1991.0,2319.2534,14.705164000000002
252,Mexico,MEX,1992.0,2312.9143,14.818975
253,Mexico,MEX,1993.0,2306.5923,15.972627
254,Mexico,MEX,1994.0,2294.0,16.254641
255,Mexico,MEX,1995.0,2294.0,13.234575
256,Mexico,MEX,1996.0,2314.0,12.920805
257,Mexico,MEX,1997.0,2322.0,13.084893
258,Mexico,MEX,1998.0,2291.0,13.897405
259,Mexico,MEX,1999.0,2306.0,14.024826999999998
260,Mexico,MEX,2000.0,2311.0,14.652164
261,Mexico,MEX,2001.0,2285.0,14.764512
262,Mexico,MEX,2002.0,2271.0,14.336505
263,Mexico,MEX,2003.0,2277.0,14.220852
264,Mexico,MEX,2004.0,2271.0,14.684646
265,Mexico,MEX,2005.0,2290.0,15.436988
266,Mexico,MEX,2006.0,2278.0,15.513893
267,Mexico,MEX,2007.0,2260.0,15.823823999999998
268,Mexico,MEX,2008.0,2264.0,15.835860999999998
269,Mexico,MEX,2009.0,2255.0,15.435143
270,Mexico,MEX,2010.0,2254.0,15.391223000000002
271,Mexico,MEX,2011.0,2248.0,16.635841
272,Mexico,MEX,2012.0,2239.0,16.627001
273,Mexico,MEX,2013.0,2244.0,17.227352
274,Mexico,MEX,2014.0,2242.0,18.125242
275,Mexico,MEX,2015.0,2248.0,17.509512
276,Mexico,MEX,2016.0,2255.0,17.575348
277,Mexico,MEX,2017.0,2255.0,17.716841
340,Nigeria,NGA,2010.0,1996.6565,7.991510400000001
341,Nigeria,NGA,2011.0,1984.2125,8.203433
342,Nigeria,NGA,2012.0,1880.9844,9.1184845
343,Nigeria,NGA,2013.0,1893.6323,9.0460615
344,Nigeria,NGA,2014.0,1909.653,8.984727900000003
345,Nigeria,NGA,2015.0,1703.4781,8.818744699999998
346,Nigeria,NGA,2016.0,1827.2401,7.1218705
347,Nigeria,NGA,2017.0,1827.2401,6.8703432
393,Poland,POL,1993.0,2070.8213,11.950162
394,Poland,POL,1994.0,2084.6243,12.641659
395,Poland,POL,1995.0,2081.9163,13.709008
396,Poland,POL,1996.0,2082.0403,14.599551000000002
397,Poland,POL,1997.0,2081.8833,15.165374
398,Poland,POL,1998.0,2081.8135,15.562293
399,Poland,POL,1999.0,2079.9983,16.568731
400,Poland,POL,2000.0,2081.6973,17.343266
401,Poland,POL,2001.0,2083.6909,17.793726
402,Poland,POL,2002.0,2078.4751,18.814718
403,Poland,POL,2003.0,2084.1721,19.16564
404,Poland,POL,2004.0,2084.5327,19.659519
405,Poland,POL,2005.0,2079.0483,20.315781
406,Poland,POL,2006.0,2080.5796,20.411503
407,Poland,POL,2007.0,2077.6145,21.269712
408,Poland,POL,2008.0,2069.6001,21.903019
409,Poland,POL,2009.0,2054.0,22.790068
410,Poland,POL,2010.0,2048.8,25.73745
411,Poland,POL,2011.0,2043.6,27.43997
412,Poland,POL,2012.0,2038.4,28.418705
413,Poland,POL,2013.0,2034.7546,28.529173
414,Poland,POL,2014.0,2041.3219,28.346479
415,Poland,POL,2015.0,2049.009,29.156763
416,Poland,POL,2016.0,2050.3591,29.509626
417,Poland,POL,2017.0,2028.4952,31.061352000000007
462,Russia,RUS,1992.0,1933.0,14.701906
463,Russia,RUS,1993.0,1939.0,12.767162
464,Russia,RUS,1994.0,1895.0,11.463222
465,Russia,RUS,1995.0,1891.0,11.096526
466,Russia,RUS,1996.0,1894.0,10.898945
467,Russia,RUS,1997.0,1951.0,10.456717
468,Russia,RUS,1998.0,1946.0,9.6346426
469,Russia,RUS,1999.0,1964.0,9.1317472
470,Russia,RUS,2000.0,1982.0,10.204453
471,Russia,RUS,2001.0,1980.0,10.387738
472,Russia,RUS,2002.0,1982.0,10.503565
473,Russia,RUS,2003.0,1993.0,11.435592
474,Russia,RUS,2004.0,1993.0,12.828995
475,Russia,RUS,2005.0,1989.0,14.696248
476,Russia,RUS,2006.0,1998.0,17.05549
477,Russia,RUS,2007.0,1999.0,19.792637
478,Russia,RUS,2008.0,1997.0,22.57509
479,Russia,RUS,2009.0,1974.0,20.676634
480,Russia,RUS,2010.0,1976.0,23.415195
481,Russia,RUS,2011.0,1979.0,26.708319
482,Russia,RUS,2012.0,1982.0,27.809864
483,Russia,RUS,2013.0,1980.0,28.132402000000006
484,Russia,RUS,2014.0,1985.0,27.458197
485,Russia,RUS,2015.0,1978.0,24.142157
486,Russia,RUS,2016.0,1974.0,23.370552
487,Russia,RUS,2017.0,1974.0,23.9105
541,South Africa,ZAF,2001.0,2376.3381,13.179679
542,South Africa,ZAF,2002.0,2382.7659,13.181885
543,South Africa,ZAF,2003.0,2318.6794,14.137589000000002
544,South Africa,ZAF,2004.0,2342.2734,14.641752
545,South Africa,ZAF,2005.0,2399.4282,14.736291
546,South Africa,ZAF,2006.0,2315.748,15.478129999999998
547,South Africa,ZAF,2007.0,2322.1228,16.541586
548,South Africa,ZAF,2008.0,2284.2344,16.648007999999994
549,South Africa,ZAF,2009.0,2249.3083,16.7883
550,South Africa,ZAF,2010.0,2235.7429,17.801285
551,South Africa,ZAF,2011.0,2254.5857,17.750896
552,South Africa,ZAF,2012.0,2224.1082,17.676292
553,South Africa,ZAF,2013.0,2211.9863,17.453863000000002
554,South Africa,ZAF,2014.0,2209.0916,17.473833
555,South Africa,ZAF,2015.0,2209.0916,17.025166
556,South Africa,ZAF,2016.0,2209.0916,16.885654000000002
557,South Africa,ZAF,2017.0,2209.0916,16.673927
563,South Korea,KOR,1953.0,2304.5479,1.4363902
564,South Korea,KOR,1954.0,2325.1472,1.4568065
565,South Korea,KOR,1955.0,2345.9309,1.5338231000000002
566,South Korea,KOR,1956.0,2366.9004,1.5386803999999998
567,South Korea,KOR,1957.0,2388.0574,1.6481717
568,South Korea,KOR,1958.0,2409.4033,1.6715766
569,South Korea,KOR,1959.0,2430.9402,1.6668432
570,South Korea,KOR,1960.0,2452.6694,1.6497203
571,South Korea,KOR,1961.0,2474.593,1.6962011
572,South Korea,KOR,1962.0,2496.7126,1.6371397
573,South Korea,KOR,1963.0,2519.03,1.7543224999999998
574,South Korea,KOR,1964.0,2439.4817,1.9356046
575,South Korea,KOR,1965.0,2545.5459,1.8526944
576,South Korea,KOR,1966.0,2529.6362,2.0704362
577,South Korea,KOR,1967.0,2561.4556,2.0831008
578,South Korea,KOR,1968.0,2609.1846,2.1787748
579,South Korea,KOR,1969.0,2667.52,2.3651412
580,South Korea,KOR,1970.0,2561.4556,2.58056
581,South Korea,KOR,1971.0,2625.0942,2.8555498
582,South Korea,KOR,1972.0,2688.7329,3.0270588
583,South Korea,KOR,1973.0,2736.4619,3.454932
584,South Korea,KOR,1974.0,2789.4941,3.8796463
585,South Korea,KOR,1975.0,2810.707000000001,4.302061599999999
586,South Korea,KOR,1976.0,2895.5586,4.3177357
587,South Korea,KOR,1977.0,2863.7393,4.605735299999999
588,South Korea,KOR,1978.0,2895.5586,4.7870607000000005
589,South Korea,KOR,1979.0,2879.6489,4.9850717000000015
590,South Korea,KOR,1980.0,2863.7393,4.7000074
591,South Korea,KOR,1981.0,2879.7378,4.863878700000001
592,South Korea,KOR,1982.0,2892.7366,5.07443
593,South Korea,KOR,1983.0,2910.7349,5.6036544
594,South Korea,KOR,1984.0,2906.7354,6.1876044000000014
595,South Korea,KOR,1985.0,2881.7375,6.2713065000000014
596,South Korea,KOR,1986.0,2910.7349,7.1064186000000005
597,South Korea,KOR,1987.0,2879.7378,7.900195599999999
598,South Korea,KOR,1988.0,2833.7419,8.8715954
599,South Korea,KOR,1989.0,2730.7515,9.7509546
600,South Korea,KOR,1990.0,2676.7563,10.915829
601,South Korea,KOR,1991.0,2660.7578,12.048909
602,South Korea,KOR,1992.0,2638.7598,12.871272
603,South Korea,KOR,1993.0,2655.6575,13.903078
604,South Korea,KOR,1994.0,2640.1453,15.267266
605,South Korea,KOR,1995.0,2647.2344,16.73321
606,South Korea,KOR,1996.0,2636.5608,18.27681
607,South Korea,KOR,1997.0,2580.8613,17.988014
608,South Korea,KOR,1998.0,2485.8723,17.321232000000002
609,South Korea,KOR,1999.0,2492.0903,18.826815
610,South Korea,KOR,2000.0,2509.2881,19.343603
611,South Korea,KOR,2001.0,2495.9204,19.596798
612,South Korea,KOR,2002.0,2454.8811,20.867996
613,South Korea,KOR,2003.0,2423.6482,21.972574
614,South Korea,KOR,2004.0,2391.532,23.156965
615,South Korea,KOR,2005.0,2351.3191,24.856293
616,South Korea,KOR,2006.0,2345.9138,25.477766
617,South Korea,KOR,2007.0,2306.1985,27.152468
618,South Korea,KOR,2008.0,2212.9114,28.247784000000006
619,South Korea,KOR,2009.0,2168.053,28.269518
620,South Korea,KOR,2010.0,2157.0649,30.454895
621,South Korea,KOR,2011.0,2127.1472,30.957315
622,South Korea,KOR,2012.0,2103.2305,30.769899
623,South Korea,KOR,2013.0,2094.2297,30.885378000000006
624,South Korea,KOR,2014.0,2069.3149,31.758259
625,South Korea,KOR,2015.0,2076.2959,32.598591
626,South Korea,KOR,2016.0,2063.3315,33.443001
627,South Korea,KOR,2017.0,2063.3315,34.063381
630,Sweden,SWE,1950.0,1989.3108,9.313577699999998
631,Sweden,SWE,1951.0,1980.4301,9.6460629
632,Sweden,SWE,1952.0,1980.4301,9.7475166
633,Sweden,SWE,1953.0,1960.6948,10.214843
634,Sweden,SWE,1954.0,1971.5492,10.708964
635,Sweden,SWE,1955.0,1960.6948,11.086463
636,Sweden,SWE,1956.0,1936.0258,11.608849
637,Sweden,SWE,1957.0,1936.0258,11.65848
638,Sweden,SWE,1958.0,1904.4493,11.961654
639,Sweden,SWE,1959.0,1878.7936,12.631723
640,Sweden,SWE,1960.0,1873.8597,12.850406
641,Sweden,SWE,1961.0,1875.8333,13.556516
642,Sweden,SWE,1962.0,1863.9922,14.109771
643,Sweden,SWE,1963.0,1858.0715,14.820919
644,Sweden,SWE,1964.0,1827.4819,15.953491
645,Sweden,SWE,1965.0,1816.6276,16.455084
646,Sweden,SWE,1966.0,1802.813,16.837975
647,Sweden,SWE,1967.0,1772.2234,17.978148
648,Sweden,SWE,1968.0,1729.7926,18.858437
649,Sweden,SWE,1969.0,1707.0970000000002,19.649834
650,Sweden,SWE,1970.0,1707.0970000000002,20.595882
651,Sweden,SWE,1971.0,1675.2631,21.295525
652,Sweden,SWE,1972.0,1635.7161,22.271084
653,Sweden,SWE,1973.0,1620.2201,23.359753
654,Sweden,SWE,1974.0,1601.4701,23.707594
655,Sweden,SWE,1975.0,1577.8241,24.060511
656,Sweden,SWE,1976.0,1590.8451,23.948282
657,Sweden,SWE,1977.0,1560.8611,23.800276
658,Sweden,SWE,1978.0,1523.1381,24.876678
659,Sweden,SWE,1979.0,1513.8629999999996,25.43255
660,Sweden,SWE,1980.0,1516.8071,25.287685
661,Sweden,SWE,1981.0,1508.4111,25.765833
662,Sweden,SWE,1982.0,1522.5421,25.850328
663,Sweden,SWE,1983.0,1531.8391,26.342127
664,Sweden,SWE,1984.0,1534.0171,27.390287
665,Sweden,SWE,1985.0,1538.0541,27.702642
666,Sweden,SWE,1986.0,1536.0721,29.532806
667,Sweden,SWE,1987.0,1546.1901,30.435497
668,Sweden,SWE,1988.0,1565.7601,30.848614
669,Sweden,SWE,1989.0,1564.6121,31.27763
670,Sweden,SWE,1990.0,1560.9371,31.584309
671,Sweden,SWE,1991.0,1547.6721,32.186890000000005
672,Sweden,SWE,1992.0,1565.2802,33.023083
673,Sweden,SWE,1993.0,1596.9991,32.930569
674,Sweden,SWE,1994.0,1635.2219,34.592773
675,Sweden,SWE,1995.0,1640.3448,36.374081
676,Sweden,SWE,1996.0,1653.0409,37.536869
677,Sweden,SWE,1997.0,1657.969,39.19149
678,Sweden,SWE,1998.0,1656.319,40.153904
679,Sweden,SWE,1999.0,1664.8116,41.442719
680,Sweden,SWE,2000.0,1642.0825,43.837803
681,Sweden,SWE,2001.0,1618.2073,42.454762
682,Sweden,SWE,2002.0,1594.8739,43.205326
683,Sweden,SWE,2003.0,1581.5632,45.140656
684,Sweden,SWE,2004.0,1605.5105,46.92726500000001
685,Sweden,SWE,2005.0,1605.0636,48.702824
686,Sweden,SWE,2006.0,1599.1272,50.185143
687,Sweden,SWE,2007.0,1611.4955,51.946018
688,Sweden,SWE,2008.0,1616.8645,52.568012
689,Sweden,SWE,2009.0,1609.1475,50.203243
690,Sweden,SWE,2010.0,1635.0068,51.550301
691,Sweden,SWE,2011.0,1632.517,53.32469200000001
692,Sweden,SWE,2012.0,1618.3754,53.895897
693,Sweden,SWE,2013.0,1608.7183,52.964497
694,Sweden,SWE,2014.0,1609.4229,52.183731
695,Sweden,SWE,2015.0,1610.072,53.316845
696,Sweden,SWE,2016.0,1626.4591,52.277542
697,Sweden,SWE,2017.0,1609.2896,54.095798
700,United States,USA,1950.0,1989.238,18.140602
701,United States,USA,1951.0,2030.5599,18.428661
702,United States,USA,1952.0,2026.7347,18.856224
703,United States,USA,1953.0,2020.25,19.512449
704,United States,USA,1954.0,1997.0837,20.034237
705,United States,USA,1955.0,2004.5018,20.884556
706,United States,USA,1956.0,1989.365,21.015562
707,United States,USA,1957.0,1961.5238,21.663401
708,United States,USA,1958.0,1927.5476,22.211279
709,United States,USA,1959.0,1952.8529,23.010408
710,United States,USA,1960.0,1934.2875,23.487125
711,United States,USA,1961.0,1919.7972,24.25445
712,United States,USA,1962.0,1939.2451,25.088959
713,United States,USA,1963.0,1927.4596,26.005913
714,United States,USA,1964.0,1933.1255,26.880728
715,United States,USA,1965.0,1952.99,27.686653000000003
716,United States,USA,1966.0,1961.7112,28.474615000000004
717,United States,USA,1967.0,1938.9489,28.837688
718,United States,USA,1968.0,1935.2845,29.659887
719,United States,USA,1969.0,1935.9679,29.88081
720,United States,USA,1970.0,1891.412,30.454054
721,United States,USA,1971.0,1875.6472,31.734072
722,United States,USA,1972.0,1873.3199,32.629818
723,United States,USA,1973.0,1871.6733,33.607966999999995
724,United States,USA,1974.0,1843.8124,33.173157
725,United States,USA,1975.0,1812.4165,33.968956
726,United States,USA,1976.0,1808.4502,34.92168
727,United States,USA,1977.0,1808.5083,35.379436
728,United States,USA,1978.0,1814.8193,35.834381
729,United States,USA,1979.0,1817.1194,36.03878
730,United States,USA,1980.0,1801.3328,36.034557
731,United States,USA,1981.0,1788.8071,36.81805
732,United States,USA,1982.0,1771.0435,36.580647
733,United States,USA,1983.0,1779.0808,37.573624
734,United States,USA,1984.0,1794.7220000000002,38.53056
735,United States,USA,1985.0,1800.7004,38.96814000000001
736,United States,USA,1986.0,1780.5117,39.760429
737,United States,USA,1987.0,1787.9778,39.943665
738,United States,USA,1988.0,1797.7433,40.454117
739,United States,USA,1989.0,1809.9222,40.781513
740,United States,USA,1990.0,1795.5515,41.33522
741,United States,USA,1991.0,1787.2532,41.850613
742,United States,USA,1992.0,1775.0881,43.590973
743,United States,USA,1993.0,1790.0741,44.014053
744,United States,USA,1994.0,1807.9658,44.520851
745,United States,USA,1995.0,1817.5757,44.88369
746,United States,USA,1996.0,1823.6223,45.857944
747,United States,USA,1997.0,1828.6818,46.770359
748,United States,USA,1998.0,1839.5144,47.856991
749,United States,USA,1999.0,1841.6412,49.21479
750,United States,USA,2000.0,1844.9187,50.509956
751,United States,USA,2001.0,1823.8229,51.485168
752,United States,USA,2002.0,1806.9037,52.848087
753,United States,USA,2003.0,1791.0933,54.607567
754,United States,USA,2004.0,1789.9679,56.122726
755,United States,USA,2005.0,1787.311,57.302429
756,United States,USA,2006.0,1787.5776,57.924629
757,United States,USA,2007.0,1786.0842,58.592964
758,United States,USA,2008.0,1767.0127,59.200611
759,United States,USA,2009.0,1729.9553,60.894161
760,United States,USA,2010.0,1736.095,62.596642
761,United States,USA,2011.0,1745.0492,62.71867
762,United States,USA,2012.0,1745.438,63.18409000000001
763,United States,USA,2013.0,1750.0786,63.722698
764,United States,USA,2014.0,1754.4224,64.18695100000001
765,United States,USA,2015.0,1765.1826,64.56395
766,United States,USA,2016.0,1760.796,64.71556899999999
767,United States,USA,2017.0,1757.2255,65.51220699999999
770,Venezuela,VEN,1950.0,2179.0,7.5478311
771,Venezuela,VEN,1951.0,2162.9802,8.133572599999999
772,Venezuela,VEN,1952.0,2147.0784,9.077898
773,Venezuela,VEN,1953.0,2131.2932,9.1032772
774,Venezuela,VEN,1954.0,2115.6243,9.8269978
775,Venezuela,VEN,1955.0,2100.0706,10.157681
776,Venezuela,VEN,1956.0,2084.6311,10.68976
777,Venezuela,VEN,1957.0,2069.3052,11.391913
778,Venezuela,VEN,1958.0,2054.0918,11.717723
779,Venezuela,VEN,1959.0,2038.9904,11.987491
780,Venezuela,VEN,1960.0,2024.0,10.955231
781,Venezuela,VEN,1961.0,2016.5787,11.052633
782,Venezuela,VEN,1962.0,2009.1847,11.607657
783,Venezuela,VEN,1963.0,2001.8177,12.16325
784,Venezuela,VEN,1964.0,1994.4778,13.209854
785,Venezuela,VEN,1965.0,1987.1648,13.363421
786,Venezuela,VEN,1966.0,1979.8787,13.133319
787,Venezuela,VEN,1967.0,1972.6191,13.294883
788,Venezuela,VEN,1968.0,1965.3862,14.500454
789,Venezuela,VEN,1969.0,1958.1799,15.013263
790,Venezuela,VEN,1970.0,1951.0,16.62715
791,Venezuela,VEN,1971.0,1955.6555,15.528718
792,Venezuela,VEN,1972.0,1960.3223,15.510258
793,Venezuela,VEN,1973.0,1965.0,16.520229
794,Venezuela,VEN,1974.0,1969.5398,19.49087
795,Venezuela,VEN,1975.0,1974.0902,18.303972
796,Venezuela,VEN,1976.0,1978.651,19.689531
797,Venezuela,VEN,1977.0,1983.2224,20.080412
798,Venezuela,VEN,1978.0,1987.8043,18.761992000000006
799,Venezuela,VEN,1979.0,1992.3969,19.303806
800,Venezuela,VEN,1980.0,1997.0,16.876102
801,Venezuela,VEN,1981.0,1985.9822,16.378145
802,Venezuela,VEN,1982.0,1975.0251,15.274876
803,Venezuela,VEN,1983.0,1964.1285,15.388285
804,Venezuela,VEN,1984.0,1953.2921,15.808309
805,Venezuela,VEN,1985.0,1942.5154,14.507582
806,Venezuela,VEN,1986.0,1931.7982,12.959608
807,Venezuela,VEN,1987.0,1921.1401,12.649525
808,Venezuela,VEN,1988.0,1910.5408,12.391232
809,Venezuela,VEN,1989.0,1900.0,11.617335
810,Venezuela,VEN,1990.0,1889.0,11.973074
811,Venezuela,VEN,1991.0,1878.4707,12.397735
812,Venezuela,VEN,1992.0,1868.0,12.448199
813,Venezuela,VEN,1993.0,1888.8833,11.60274
814,Venezuela,VEN,1994.0,1910.0,10.677702
815,Venezuela,VEN,1995.0,1915.2285,10.690738
816,Venezuela,VEN,1996.0,1920.4713,10.387681
817,Venezuela,VEN,1997.0,1925.7284,9.9979649
818,Venezuela,VEN,1998.0,1931.0,8.7254438
819,Venezuela,VEN,1999.0,1886.8966,9.1173964
820,Venezuela,VEN,2000.0,1898.5117,10.817652
821,Venezuela,VEN,2001.0,1869.4724,10.039947
822,Venezuela,VEN,2002.0,1829.0203,9.4608641
823,Venezuela,VEN,2003.0,1801.2109,9.2923651
824,Venezuela,VEN,2004.0,1896.6949,10.846614
825,Venezuela,VEN,2005.0,1922.8501,13.34609
826,Venezuela,VEN,2006.0,1903.8516,15.282747
